"","Y","X1","X2","species"
"1",2.02062116800966,0.73241968639195,1.51507634669542,1
"2",1.98981917926325,0.739619387313724,0.400886449497193,2
"3",5.52008435637311,2.31699496507645,9.80840528849512,3
"4",1.65516308600928,3.09273137710989,0.458117895759642,4
"5",7.14063071891819,7.33261853223667,0.905573705676943,5
"6",-0.85563658063915,1.62984922062606,0.740250765811652,6
"7",0.605023142031002,1.67074240744114,4.4834392843768,7
"8",3.47767145561067,4.38918390776962,1.68945628684014,8
"9",3.1318863384851,2.25033977301791,2.46640044264495,9
"10",3.27049217292476,9.43665678845719,3.72436479199678,10
"11",3.37468632342205,3.56173889711499,1.54493718408048,11
"12",2.5880088985297,4.10371277015656,0.914612649939954,12
"13",2.14530608240207,4.36904107686132,7.54316170932725,13
"14",3.69656392127061,6.47944289958104,9.10632005194202,14
"15",6.29441527708294,7.70643812604249,0.136991378385574,15
"16",4.53837714500252,1.24972181627527,9.99653059989214,16
"17",5.96600928648275,6.27040368271992,0.915030054748058,17
"18",1.82618743051879,1.57848250120878,3.94905844470486,18
"19",1.66816128649475,9.83601508894935,1.0811859369278,19
"20",4.83232575521438,3.39493888430297,5.08825828088447,20
"21",13.8866389217003,8.38053161278367,9.56043779850006,9
"22",4.96703161354585,9.84043462434784,7.44534252444282,14
"23",2.59109879678277,9.58199409069493,2.32798280660063,13
"24",3.38454473757134,0.34605526831001,4.58792017539963,1
"25",3.82405877759374,3.36612514453009,8.92394567606971,1
"26",0.805746114212437,1.27896342426538,4.14521172177047,5
"27",-4.82778091650966,9.3447763309814,7.2020884254016,6
"28",2.14972225116262,3.25719942105934,1.16168686654419,12
"29",-2.09744223811849,3.99885470280424,1.38152687810361,6
"30",0.41874470963697,3.49147150060162,9.68633839627728,10
"31",4.36567045768789,5.00151601852849,2.37347307149321,11
"32",7.29116207710217,8.62050705822185,3.71377689763904,11
"33",7.78507898634102,8.64009579876438,5.82179420860484,17
"34",0.894788551899659,1.1783876339905,4.77080930490047,14
"35",6.56075400419317,8.06622774573043,5.62454360770062,4
"36",2.5171000656083,1.58422799082473,6.77979455562308,18
"37",7.35956142984472,8.33667111350223,8.92325688153505,4
"38",-3.46405521117474,5.98862869432196,8.75732003711164,6
"39",6.63824598441091,7.39868394797668,3.70074175065383,8
"40",-1.1774719111917,0.936806516256183,6.05219639837742,6
"41",3.79206285348967,7.59187081130221,4.14356615860015,14
"42",9.26954398835316,8.63444082671776,6.14340732106939,2
"43",1.55768387684182,0.241889164317399,0.72248779470101,20
"44",1.02281485011343,0.608736604917794,7.49000800773501,14
"45",2.60664272390561,6.86698663281277,7.5689177820459,13
"46",2.97464915742809,8.9598576980643,4.07097493298352,10
"47",1.14008515093085,2.08769805030897,4.28279477637261,17
"48",2.93599542899006,2.38274991745129,4.16735167847946,1
"49",5.38609666105625,4.35368790058419,8.04796100594103,11
"50",2.35293717944883,6.96262830402702,0.456753009930253,3
"51",1.84125909017284,3.36488043656573,1.87241857172921,13
"52",1.3636192486227,6.38600774342194,4.56468782853335,16
"53",4.65086780615189,3.68364935275167,1.66476101381704,2
"54",7.42916072420071,6.74862786894664,6.91916734911501,20
"55",-4.02796566749646,8.87086824513972,3.68886263575405,6
"56",2.12793790276707,0.837739340495318,1.58811359666288,20
"57",3.86657085380087,2.44496903382242,0.0295596290379763,2
"58",4.14866896220608,3.05871837073937,2.48571771429852,2
"59",6.12038562363202,3.8749667792581,5.7431942038238,8
"60",2.33820789715179,0.275380832608789,8.18464789772406,18
"61",4.54664519781328,8.31555979559198,8.58066918561235,14
"62",3.66859324845919,2.58815007051453,2.77029516641051,15
"63",0.556219108086948,3.88478609966114,8.90175316482782,10
"64",1.48704278499487,0.376027445308864,9.24413618631661,2
"65",6.16659985488651,6.97867520153522,3.12054367735982,20
"66",3.18103351313731,5.27681569568813,7.24293939536437,14
"67",8.60074450374231,9.5231269299984,2.41917749401182,5
"68",3.09938853344492,2.77570891892537,7.78707197168842,4
"69",4.34940717983001,8.84374734479934,4.2846801225096,14
"70",9.46879117280931,7.41070547373965,7.5853092991747,8
"71",3.78370839446692,2.58556190179661,6.77917076973245,11
"72",6.67388461373989,8.20435063913465,6.08547220472246,4
"73",3.15015314032516,2.18420390272513,7.85369239281863,2
"74",3.571004482128,2.34431846765801,3.37953602429479,15
"75",3.29840777067189,0.973263932392001,9.02469404507428,11
"76",6.60602484087433,9.00887328200042,6.71347632771358,3
"77",3.98677201574792,5.6654352764599,8.30408694222569,19
"78",-0.728806029292362,0.0100334780290723,8.99543387349695,6
"79",3.92909186682316,3.00540473079309,5.96732506062835,11
"80",0.966202040524872,2.72385999560356,9.65228107990697,5
"81",3.63017829089598,6.91999896429479,5.42681740131229,18
"82",0.636243455616373,4.89707428729162,7.1218511229381,12
"83",3.61974726095813,1.15457680076361,5.44393817894161,20
"84",1.88168177840566,0.34683215431869,7.12638989090919,13
"85",1.71097940391743,7.50176040455699,0.973222253378481,10
"86",5.24902118448969,9.13738528266549,4.07175132771954,3
"87",0.564226382439666,5.46657990431413,2.64783362625167,16
"88",10.1324781001644,9.68334425939247,3.91487880377099,2
"89",3.59521229300346,9.68263578368351,7.49032351188362,10
"90",0.968955116286554,9.45616937242448,1.07218605699018,7
"91",1.11918684450799,7.19199422746897,1.12044823588803,19
"92",-0.191941676927539,1.18382186861709,4.49197557521984,12
"93",2.31908432227928,0.440674489364028,7.28282182477415,11
"94",6.77979598402002,6.26579544506967,3.20429148152471,9
"95",5.84973884928555,6.78853498306125,6.73388230614364,17
"96",5.53512695410377,4.63891644496471,8.71182233095169,11
"97",2.09500867407495,0.789930026512593,9.30500086164102,4
"98",3.21456525085699,8.91347557771951,5.162550478708,12
"99",2.60094679108215,9.49508055811748,7.47838489711285,12
"100",0.0602619346480464,0.73169588111341,2.76241742772982,17
"101",2.74788744286241,9.13393216906115,7.7255840273574,13
"102",0.687293234029105,0.169154871255159,0.948411736171693,15
"103",5.52293733048367,6.9283452630043,5.71081732166931,4
"104",3.63682917360221,8.60244179842994,0.343568599782884,14
"105",7.31756472285524,1.74147497396916,9.70788668841124,8
"106",2.34997732117332,2.20792024163529,1.43340829759836,15
"107",2.29774358910449,2.12380055570975,5.56577576091513,16
"108",2.17922461942631,0.958865464199334,1.56489234650508,1
"109",1.42337748632776,6.91471612546593,5.61732895905152,16
"110",1.91733799714409,3.70496070943773,3.80844472907484,13
"111",7.86728339234983,5.97895053913817,4.73543647909537,9
"112",1.43188644378691,4.1418000170961,1.95393397705629,1
"113",1.97381110854499,1.0658884071745,1.91077501047403,11
"114",2.81661402935141,2.46619294630364,1.96535977302119,9
"115",1.68294647784737,6.92400072235614,2.28959480533376,10
"116",4.24744787032744,3.28473855508491,8.66508531151339,19
"117",5.84051795592418,6.31139649776742,0.0546435569413006,17
"118",2.45357015448399,0.557030669879168,7.51798955956474,11
"119",5.56460360923514,6.06150545645505,1.39925426570699,17
"120",14.9487281403621,9.47688215412199,9.66028645634651,9
"121",0.536315965466641,3.17346019204706,1.78569231415167,7
"122",2.70393345768885,7.31416005641222,8.92195617081597,1
"123",4.17849032140824,0.0230258796364069,6.19833274977282,9
"124",1.39225486085551,1.13828469766304,1.5048287040554,5
"125",0.538955862693134,3.25454360805452,2.40810753544793,7
"126",1.01806806944604,4.14035830413923,4.9210615712218,7
"127",8.25702167946415,8.79265552386642,0.566702056676149,5
"128",-1.77213926155458,3.14807479269803,3.41139207128435,6
"129",5.93016202855002,7.26314503001049,1.83920800685883,11
"130",-0.485365301258011,0.642707350198179,1.7226871359162,6
"131",0.816527804141262,0.96610710490495,3.07996850227937,4
"132",7.25420634659868,8.46030821790919,4.30387849919498,20
"133",4.17881792102422,1.82404426159337,6.0928683495149,15
"134",3.43444262631034,2.77506121434271,5.04604665096849,3
"135",4.84976806235803,5.23241956951097,1.85488097835332,20
"136",0.750461356676733,1.20047668460757,4.50503998436034,5
"137",3.85148711111134,0.396962000522763,6.68525241548195,1
"138",0.832250961858381,0.790377876255661,3.31250938586891,4
"139",2.16575539059482,2.26669828640297,4.86113850027323,18
"140",0.508705236682011,1.93864700151607,3.42772375559434,7
"141",1.05143315691861,0.880989141296595,1.15481814136729,16
"142",2.74986650780126,3.68636692408472,2.40724394796416,4
"143",3.18501646043874,7.47604299103841,1.96478400845081,14
"144",7.73508939404647,8.80807355511934,8.61406886251643,4
"145",3.82531059447776,2.45055936509743,3.98464113241062,20
"146",-3.06513005877161,6.23522891895846,3.40568827930838,6
"147",3.034857857008,0.777845750562847,4.22083068173379,8
"148",2.84137893783655,1.75292437896132,4.17699014768004,1
"149",4.9582507637252,8.6878731334582,9.82009208295494,18
"150",2.84760139850636,4.11283968482167,6.42263304674998,5
"151",3.54971817649479,1.3379368535243,9.8960855952464,11
"152",2.47708117619541,1.64319379720837,5.87456081295386,18
"153",7.87399184071863,7.59600208839402,3.32742280093953,15
"154",5.48189440160303,7.09032980259508,2.17762803658843,8
"155",6.58879403205423,7.69383830716833,3.86611766647547,5
"156",2.35496554234033,8.72906846692786,3.25107159558684,19
"157",1.12427369098443,1.3976579811424,8.91561620403081,7
"158",1.51623386182432,0.813425430096686,4.11740134702995,19
"159",1.76516899458196,0.682536798994988,9.17939650360495,4
"160",0.579476097715875,7.77385129127651,3.53266360471025,16
"161",2.48121161438946,7.37325534690171,3.41200563358143,13
"162",6.61195777571168,5.94787885900587,9.19310027267784,3
"163",1.63261632433634,3.0953699699603,2.71678547607735,14
"164",4.93123837146327,5.72107501793653,1.22537133982405,9
"165",-1.93549766238533,2.52569243777543,8.26438712654635,6
"166",3.6306501510254,2.92066202731803,5.29123814078048,11
"167",3.15911655110188,0.975435259751976,9.84655186766759,18
"168",0.0951557877846174,2.30084514711052,6.69557426823303,10
"169",3.96124413002343,9.15893143741414,0.524788389448076,14
"170",3.34337226338543,9.97744617983699,7.7610924676992,10
"171",1.15530055655425,6.61697697592899,2.5129047059454,1
"172",4.0882945850406,4.67712016776204,1.32076354231685,11
"173",4.80621633481065,5.53738931659609,4.3978063762188,17
"174",0.307777428998888,0.125713776797056,4.61453564697877,7
"175",0.116966589765268,2.62236904120073,0.523051989730448,7
"176",3.97389622578646,0.20094929728657,7.63726737583056,16
"177",0.692873217362697,3.33206739975139,2.09175594616681,16
"178",7.6233778271952,7.43444190127775,4.61410028859973,8
"179",1.14790034637167,6.12448017112911,6.77406713599339,12
"180",4.39821089987642,6.77512604510412,0.823922208510339,4
"181",-1.48763705119391,2.08729450823739,2.60705759515986,6
"182",2.74250638431909,3.64645656431094,7.81414835946634,17
"183",4.65378128024678,5.05373440682888,1.41593790613115,20
"184",8.1114883599197,3.47467938903719,7.45665238704532,9
"185",2.61009725055756,3.91228951048106,8.24399493867531,14
"186",2.50752523145867,8.10548853129148,3.81403874605894,13
"187",-2.40092612784516,3.0937207932584,9.90082002710551,6
"188",2.59050773361099,8.70698885526508,9.3594453856349,13
"189",-3.7597137337493,6.39549161074683,9.58491502795368,6
"190",1.77474351681356,0.491488268598914,3.02578925853595,15
"191",4.2500346120097,5.275487548206,4.6572283282876,4
"192",7.48695011398014,7.56376192905009,0.240475637838244,5
"193",-0.158388709956648,0.968669774010777,7.21837466349825,5
"194",-2.23851879434725,3.03683229722083,8.26400304445997,6
"195",3.0013051291727,3.62659401725978,0.13088162522763,15
"196",7.50105071731869,5.95488646067679,9.42284668795764,20
"197",3.69306687982689,5.54454260738567,9.65148539282382,16
"198",1.09306713389095,1.94455266930163,1.64883037796244,18
"199",3.95871563540815,2.89391205646098,5.99349920637906,3
"200",5.91800166749739,7.65331332571805,7.25888749351725,5
"201",5.57127543361251,2.25625131046399,6.93779129069299,8
"202",3.18418139796046,3.06095861829817,1.12766809063032,15
"203",2.31623018616597,5.47215116210282,1.35945310583338,13
"204",0.819613392701496,2.30594762135297,7.62795547721907,5
"205",6.32045055255314,6.59539591986686,1.53104094322771,5
"206",2.63427540777349,0.354029983282089,3.5093385213986,20
"207",8.09049290458491,9.12239871453494,3.13329162308946,5
"208",-3.2955342299061,6.66516855359077,2.07661653170362,6
"209",7.23609508197009,5.72049459908158,5.31283625401556,15
"210",3.00441367289537,2.83581656171009,2.64089665608481,11
"211",6.95277266460255,7.62337707448751,4.52664330834523,20
"212",2.35937347730166,6.75369872245938,4.40123097971082,12
"213",10.4510240373829,7.04968000063673,9.85614547971636,15
"214",0.548016903798574,6.12483690725639,8.61474430887029,12
"215",10.4224971450948,8.57251114211977,5.08795539848506,9
"216",1.71021233820728,1.02417776593938,6.77234668750316,4
"217",-4.34659301447971,8.54242753237486,5.47870068345219,6
"218",3.07068184792478,8.7331395666115,2.04814097611234,18
"219",2.17754347005616,6.02074699476361,5.58571596862748,1
"220",6.09530981557768,6.90530323889107,6.86436964664608,3
"221",0.968177566397217,1.77659644046798,1.05486801359802,14
"222",2.26473966838779,4.48835796909407,4.14992399746552,19
"223",3.41225172441062,3.07960947975516,7.89239290868863,16
"224",-0.236323269884455,1.53847477631643,4.59298026515171,12
"225",4.70595616466536,3.55933338636532,6.6735033900477,11
"226",1.49147206488686,0.950738247483969,3.84901009965688,18
"227",10.4667520543088,8.39733580360189,8.32903259666637,8
"228",7.66770346852087,8.13409474445507,5.91516678454354,11
"229",2.76181624426561,2.95587850967422,1.43513835268095,5
"230",2.38018505870448,4.52977396780625,4.75052797468379,19
"231",9.01887933023484,9.86261339625344,7.80780987115577,11
"232",9.61085691848356,5.65804701996967,6.99197965906933,9
"233",0.581453475898061,0.117390765808523,2.56455200491473,3
"234",13.2064364046583,7.85450267838314,9.08150258939713,9
"235",5.11861749779908,2.21387950470671,9.22269443748519,3
"236",3.80604788292607,4.1057216655463,1.92502819001675,11
"237",0.878584491412343,0.221613515168428,3.17174750380218,3
"238",-3.50550337946012,7.23856248427182,0.58857087045908,6
"239",3.65457010498586,9.0589712979272,3.82971702842042,12
"240",-1.2339604795265,2.64553280314431,3.45211442327127,6
"241",0.272096970451229,3.92264288617298,6.64346798555925,12
"242",1.8812400830361,6.72065560473129,9.63595813140273,7
"243",3.71642182436456,1.39203229686245,7.05752371111885,3
"244",-1.39805854989474,0.0149251450784504,4.34935108292848,10
"245",2.74912293238318,7.92853683931753,5.51387113286182,13
"246",-3.00405091171794,5.52435106830671,4.16429036064073,6
"247",1.4313998123995,2.32002604519948,9.3118892214261,17
"248",3.09477425805879,2.06553520867601,2.59017636999488,20
"249",2.52343536191729,7.99115682486445,6.83667143108323,13
"250",8.639189850365,3.29773398581892,9.82040796196088,8
"251",5.537034777079,3.67628102190793,6.60959306173027,20
"252",6.1214292160421,5.25567402597517,2.99266630318016,2
"253",6.75162046447837,6.84687578352168,2.41523610893637,9
"254",3.66535905847604,7.54675448639318,1.87917861156166,12
"255",0.333661954286984,1.0372317279689,2.25128476275131,19
"256",3.62086090167239,1.69455088442191,4.46178045822307,15
"257",3.54425978060806,3.61306302016601,8.41589113231748,1
"258",6.75798168141961,7.83285547513515,3.37013420416042,11
"259",1.53327303650801,3.46187891205773,1.0594145511277,1
"260",3.17433969077882,1.77579913986847,9.346371460706,18
"261",5.41747575845944,6.65132534690201,1.28821225604042,11
"262",2.94079753988376,1.80365347769111,8.98438043892384,2
"263",6.03022098973068,5.30515232821926,5.63420724123716,2
"264",3.81760763527105,9.24404457444325,2.51199577702209,18
"265",0.271302475904623,0.610950246918947,1.01583739276975,4
"266",1.41403319642899,0.142279104329646,0.481427148915827,2
"267",2.9729623122686,9.51537236105651,1.52675607474521,10
"268",1.24075822784532,7.92069248855114,9.1181224398315,12
"269",8.00012966269299,5.82489685621113,6.59243897767738,15
"270",1.87889359886263,3.11398036079481,1.98255842318758,14
"271",4.83741260952698,4.18852946953848,5.01746313879266,11
"272",3.02829276370707,4.34174467809498,6.75906161079183,1
"273",0.996921992470785,2.2984780673869,6.89974859589711,7
"274",7.81223188159535,9.14072796469554,8.81854624254629,4
"275",2.57387244159893,3.34900453221053,4.90529737435281,5
"276",7.68958738519206,4.98264476191252,7.11977251106873,8
"277",4.52648861238766,5.62046779785305,4.65359440539032,4
"278",8.57007296311169,2.88300120737404,8.6054187011905,9
"279",10.9611464887159,7.57734034210443,9.41990613704547,15
"280",8.0954401101888,7.5514802057296,7.82000327249989,2
"281",4.80596734689402,5.19103291677311,6.29716497845948,3
"282",0.368995959040743,4.72505150828511,0.52066637435928,19
"283",1.00463686716239,5.38698982447386,3.3619113243185,7
"284",9.58515872505731,5.49711047671735,9.47275708196685,8
"285",4.09081288016879,2.00198953272775,7.44384417077526,3
"286",2.06206153779079,3.61914488486946,2.97624306986108,13
"287",-0.814742292653245,0.744455247186124,8.59090950107202,5
"288",2.73929548942243,9.75338078802451,9.51536404201761,16
"289",2.42366943749042,1.82054012781009,2.24471661960706,8
"290",0.878880925755428,5.22649990161881,3.35121986456215,7
"291",1.80110163797962,2.37576625309885,0.267838439904153,17
"292",4.41863595117968,1.1646025814116,9.30907681118697,16
"293",-0.964037253850465,1.03873993037269,4.61879669688642,10
"294",3.34019153656455,2.88526665652171,1.91752652637661,20
"295",2.58157269780456,0.70935795083642,7.54974777111784,18
"296",3.26820136014276,4.40417435951531,4.30346119683236,3
"297",1.32964070925763,1.98242342332378,9.65382992522791,7
"298",3.22451190853142,3.69561941828579,1.09311615815386,11
"299",1.242119028242,9.637715020217,1.35883313603699,7
"300",-0.261610502535281,0.543365776538849,6.29619180923328,5
"301",1.37269195568248,7.45122516294941,1.9311879388988,19
"302",3.69996684766478,3.24902829248458,9.50148281175643,4
"303",8.85661087663473,9.01392266852781,8.30683354055509,20
"304",5.12771040657281,4.85722656128928,0.0354878231883049,5
"305",2.1943463184109,8.56504316907376,8.94662935985252,7
"306",0.506271276842244,1.35658722603694,1.78057961864397,19
"307",2.41733296723666,9.05335882445797,4.8490552068688,13
"308",8.58166114356678,9.48397741885856,3.2254522992298,5
"309",2.99492432132908,2.062484677881,7.4303560773842,2
"310",4.3256707168053,5.34132828237489,0.924113530199975,11
"311",5.19179894574449,4.13376027485356,2.92613781290129,2
"312",2.37597770406739,8.04548132466152,5.67101774737239,12
"313",8.8470053202378,6.86622913461179,4.90704372758046,9
"314",6.88740079316404,7.71140944911167,4.58561568520963,17
"315",5.51937934894431,3.58188169775531,6.45767841255292,20
"316",1.45465971441072,3.90088487416506,0.510944658890367,13
"317",2.57455634585142,8.67944883648306,4.32441654149443,10
"318",6.28585841448871,6.46478743059561,4.82192716561258,20
"319",3.02593056028088,1.59526823321357,6.16467860294506,16
"320",3.39646216954893,4.96098093688488,3.78632530104369,3
"321",3.64301345018606,1.25884372275323,6.21818455634639,1
"322",2.27194101927701,5.90857413597405,0.740274286363274,18
"323",6.41339664734933,2.54294292768463,7.4034013855271,8
"324",5.84898359107113,8.14076160080731,1.61919102305546,8
"325",3.94433487764065,4.82897678157315,5.0330673577264,3
"326",10.6602859179733,5.07375014014542,8.80259768571705,9
"327",0.997192327489983,0.146653172560036,8.34338474320248,7
"328",2.04160743428231,3.50313926115632,7.25477352971211,13
"329",0.816105236122569,5.85290003335103,1.09541158890352,7
"330",-3.52634553851159,7.02176315942779,3.28349175630137,6
"331",6.53619900334385,8.71002830332145,0.0294615421444178,11
"332",3.19641107723203,2.79744728468359,7.49721338972449,18
"333",3.03947317253804,1.78588076494634,6.130799097009,11
"334",4.33000677762549,3.56397675350308,2.93144542956725,15
"335",1.65432105522633,5.18880436662585,4.57586197648197,16
"336",1.40264607620257,0.0865182094275951,8.47720571327955,14
"337",1.33670368919441,2.05413798103109,2.40795336198062,16
"338",3.09629417843319,8.99207889568061,8.68027138523757,10
"339",0.362732228672089,3.73061859747395,1.61008920753375,7
"340",1.35588515243826,0.766167109832168,7.3915925831534,4
"341",5.07014773806933,6.23418415663764,1.31928297458217,11
"342",1.24071769792564,3.77293770667166,0.692837275564671,1
"343",5.37991485439494,7.04322214936838,5.78826886136085,3
"344",1.33586177181155,5.71142191067338,7.36519019817933,10
"345",1.19541193122543,6.43850456224754,7.07521677948534,12
"346",3.18243624671433,4.3273455183953,7.84926505992189,16
"347",-1.20841516501044,1.80986745050177,3.4301050635986,6
"348",12.5145082985838,9.61551010608673,9.45498941000551,15
"349",-4.1148199977563,8.66976394783705,3.53834264213219,6
"350",6.61657152044454,6.86859386507422,4.6516885375604,11
"351",3.24649129943419,2.19965502852574,7.09183695958927,2
"352",3.55074057745335,4.66860741376877,3.43018617015332,4
"353",7.15586015849922,5.14860484050587,5.68858450744301,15
"354",2.18711674048274,3.49319600732997,4.68906367430463,14
"355",3.50191799477423,5.83663680590689,9.87606556154788,14
"356",1.09953646620451,2.34671690035611,7.44560453109443,5
"357",-2.67309543244561,0.43042435310781,9.55076555721462,12
"358",1.59141189987738,0.94444255111739,0.0687814131379128,12
"359",0.929227841580178,6.64842566708103,2.03389172442257,1
"360",3.14785815663457,2.24410647060722,4.87226844765246,1
"361",-0.9582651538582,1.05883634649217,8.72614987660199,10
"362",2.43846952086853,0.0756746809929609,3.59247281681746,20
"363",7.51702171637373,9.10407609306276,8.37407229933888,4
"364",1.77496284142491,2.26890007965267,0.293950529303402,17
"365",5.84070072188739,2.13410413824022,8.21664670715109,15
"366",8.146295697892,9.18232635362074,3.12807655427605,5
"367",-0.555919324641343,1.0126581392251,8.9140129648149,10
"368",0.862179492793747,8.08900241972879,0.9146434138529,7
"369",2.14073804717334,5.9997530374676,6.11327299149707,1
"370",3.38374784966019,9.89607762545347,6.12515421584249,10
"371",5.33427783601789,7.6794167724438,5.58365927776322,3
"372",-0.0101862031531502,6.58085757400841,1.99760387185961,16
"373",3.2765880167663,8.15621523885056,4.28900302154943,12
"374",3.01022432797385,9.80287940241396,6.79649885278195,12
"375",1.55271374179062,2.43770899949595,1.25819795066491,4
"376",2.78890862600274,4.13658613804728,6.25988284358755,14
"377",6.40305595922903,4.27811298286542,8.77025912050158,20
"378",1.73248963474978,1.10476169502363,4.73983824253082,19
"379",2.10297591552687,1.64220798527822,9.99141492182389,13
"380",-3.58835715494905,6.08959346543998,9.445703078527,6
"381",5.92135776451424,2.71044494817033,5.69855676032603,9
"382",1.91018420261016,8.8663649186492,6.44931417889893,7
"383",7.51712290269354,9.07304727938026,3.88538610888645,20
"384",1.88721688832804,2.9603953869082,8.88352702371776,17
"385",2.60481707959154,3.44285473227501,9.59042242961004,14
"386",4.07745094885248,4.91046122508124,4.85119677148759,4
"387",2.4448372269124,8.34269721526653,3.05890478426591,19
"388",-0.797020704918661,1.03898194385692,2.50369367655367,6
"389",6.03962512460894,5.14242269331589,4.00452672503889,2
"390",4.43701590430996,0.500546549446881,8.72066299896687,1
"391",0.494952539310606,0.69196438184008,4.27477211458609,5
"392",9.52078765672822,8.99994818959385,7.28986814618111,2
"393",1.3107389313621,4.00636759819463,0.669405309017748,3
"394",4.24983420312599,8.83259519468993,3.79738902905956,14
"395",0.335099552494613,3.67669856641442,4.0033506276086,10
"396",10.1626854517652,7.85236383322626,5.44503844808787,9
"397",3.54543384152236,2.03527695033699,3.92045912100002,20
"398",-0.780544145639283,1.06194982305169,6.57738238107413,10
"399",1.47181855582671,9.47981230681762,3.36561637930572,7
"400",5.303479956321,5.61917702201754,2.42541529703885,17
"401",3.35738364195367,3.51704193046317,6.35717398487031,4
"402",2.19654547404859,2.50399148091674,7.7937141712755,14
"403",3.97772856182312,7.92995142983273,4.74419618956745,14
"404",7.35304266398564,7.73473117966205,0.779789192602038,17
"405",3.03983622829242,4.82411042088643,1.15148801123723,12
"406",9.41052177788103,4.9920186586678,9.56628318177536,8
"407",1.95577714898829,4.92289376445115,1.59237336367369,13
"408",2.46924172548791,2.11304830852896,1.82891473174095,9
"409",1.67732431893649,2.78742602095008,1.07889422448352,4
"410",6.82063204333125,6.66610513580963,8.50865860935301,3
"411",-2.29375354782454,3.23159322375432,7.20791632309556,6
"412",4.16298035088403,3.59982147347182,3.19518622942269,8
"413",3.55585435040991,8.8564713508822,2.85454849246889,18
"414",5.74968349374192,6.92853934364393,6.22630895115435,3
"415",1.81904346932843,6.21762057533488,9.94428083300591,7
"416",3.02817482916727,5.44200510019436,4.70345719717443,18
"417",9.68799909885132,8.92040302744135,5.47386424615979,15
"418",-3.56414003811025,8.09949503745884,0.837963419035077,6
"419",6.99360277923742,1.37732212198898,9.28483710857108,8
"420",1.32929006431062,4.09367634681985,0.810515391640365,1
"421",4.73169463098384,7.256264698226,0.733046771492809,8
"422",0.98782894022223,3.81192516768351,2.68955867970362,7
"423",4.47458097214673,5.38791131228209,5.47632100293413,4
"424",5.35741246148049,9.92255445336923,1.47361125098541,12
"425",-0.542497229746876,1.71243769815192,5.9304724005051,10
"426",2.59932891223351,3.83181482553482,7.43101321160793,14
"427",6.19484648831174,8.41436152346432,3.62389786168933,4
"428",1.38003477827365,6.94921601330861,5.38787435274571,7
"429",4.40762908302668,3.48667631857097,9.35444051632658,19
"430",1.72617575541557,8.62065780442208,8.35342103848234,12
"431",-4.71156846979092,9.74302077433094,4.91431667702273,6
"432",-1.44383646987088,1.7006279528141,7.99893447663635,12
"433",2.45032915701784,0.820091378409415,3.4404540178366,8
"434",0.359062965944149,4.0565730817616,1.26088473247364,10
"435",0.661490605376935,1.43671327037737,3.45829047495499,17
"436",2.04458514957182,6.85815599281341,0.401049805805087,3
"437",1.63353863807472,2.52097912365571,4.59541778312996,14
"438",0.306203576800224,2.01887622242793,0.762629567179829,3
"439",3.22671259635761,9.9830373423174,3.66374830948189,10
"440",7.36251273659614,6.38837326318026,0.57296174345538,2
"441",1.19733249969924,8.80833654431626,3.37760642170906,7
"442",2.87160914709276,1.77207882283255,2.82456774497405,15
"443",6.85860372333027,8.82954557659104,6.92749170120806,5
"444",3.06058923529664,2.35623091924936,1.61151575157419,20
"445",1.04413342974239,0.35177351674065,6.85991044389084,14
"446",1.58835725825881,4.95534947607666,4.01602181140333,12
"447",0.282829229794077,6.33345181820914,2.4653699551709,16
"448",3.9760499200122,3.87110801879317,9.22737166052684,16
"449",1.25975853976464,7.68157274695113,8.52096879854798,12
"450",3.63143308630852,8.44096484128386,3.97713570157066,12
"451",7.7941055403892,6.99247177457437,0.76233952306211,2
"452",2.29866606310214,2.95926635153592,8.03987408988178,13
"453",0.938676593500559,6.74676798051223,3.50932816043496,7
"454",-0.762160376076569,7.40534752607346,0.0899955327622592,16
"455",6.753252581768,7.82654665410519,3.695108583197,20
"456",8.47298704650532,9.54243271844462,4.22860917402431,8
"457",8.61727572109569,9.65320512652397,8.22981165954843,17
"458",3.26183347495557,9.59387260023504,5.86317541776225,12
"459",1.87957013642773,5.00915778568015,0.460194123443216,18
"460",3.33100983604599,5.53016735240817,8.65276555530727,14
"461",4.45060689678418,8.29783718567342,1.48994536604732,12
"462",9.65165584163496,9.16299694916233,7.12314256699756,2
"463",4.91627551406325,5.9702578978613,0.794239544775337,11
"464",4.11042776999488,4.16200268547982,1.30878611234948,15
"465",5.08767987232622,8.4437289647758,9.62626477936283,18
"466",5.27331195507557,7.07576530985534,6.74813624471426,5
"467",11.8857604404003,8.91886666649953,9.38550322083756,15
"468",-0.184758101371936,0.452348729595542,3.70719038648531,12
"469",1.19594505647581,1.40788030577824,0.910369551274925,8
"470",2.68823386170527,4.53617088031024,8.27861067838967,14
"471",4.94542151999711,3.83388933027163,7.39015310769901,11
"472",1.55324375975465,2.19095095060766,4.74746443331242,17
"473",2.30486519725379,0.10525336721912,2.49096629675478,20
"474",7.93634281090514,3.86772445403039,9.97982646105811,15
"475",2.86479455882297,1.21295260731131,6.05560137424618,16
"476",1.54883925259056,4.28083666367456,6.63190780440345,7
"477",6.52284124825044,5.9185817069374,9.21893732389435,2
"478",4.18939146289087,3.20229722186923,5.1111495681107,2
"479",9.22700334421849,5.92848136788234,5.97822703421116,9
"480",2.02187096517328,0.250791623257101,6.72645061742514,11
"481",5.46616885300819,3.92477514687926,4.87829030491412,8
"482",1.5739748484258,5.08832951076329,0.982617088593543,3
"483",7.43311910105836,8.80066068144515,5.20805856678635,5
"484",6.40849139766824,8.27908430015668,5.71858381154016,4
"485",0.578897296133341,0.909954714588821,2.14050214504823,12
"486",1.16377085040115,7.94985254528001,0.235285558737814,19
"487",12.5245515421067,6.41997450497001,9.88916978938505,9
"488",7.27060105404787,8.01870820345357,7.91890574852005,3
"489",7.05067425066416,9.39208652591333,4.72669424489141,4
"490",1.84704301463067,1.24467324698344,9.60642692400143,14
"491",1.01027139674251,1.20429034577683,7.64270455576479,7
"492",3.59430830666497,4.33155129430816,9.17353672673926,1
"493",3.8559077062711,1.18782436009496,9.88520053680986,19
"494",4.10906095365794,6.08179959235713,9.81247134273872,5
"495",7.73809711122116,8.54564554290846,9.15905438130721,4
"496",2.32820103223762,5.14966737944633,1.74341153353453,18
"497",1.7864092074794,6.54491191729903,6.88757383963093,10
"498",3.48720848140003,2.39221705822274,3.97175366058946,2
"499",7.69272636800698,5.89427428785712,6.47297360701486,8
"500",1.95257221061622,2.95495855156332,5.79257469857112,13
"501",5.92695023257558,3.87215790804476,7.3688110196963,20
"502",0.214190519793963,5.31313332961872,8.22265870403498,12
"503",3.25361677401484,2.62876036576927,1.69079238316044,20
"504",4.86039344559207,1.92345733754337,6.27534731524065,15
"505",1.53097413226814,0.453722639940679,4.20054481364787,2
"506",-4.18284131662632,8.203154806979,5.23966535460204,6
"507",9.34025701331659,7.61537200538442,6.03635207982734,15
"508",2.37138714317819,1.02197978179902,3.99808496469632,16
"509",6.14113097152015,1.37102037901059,7.34535516006872,9
"510",7.64718193670113,9.29525796556845,3.39071726426482,20
"511",-0.414918310719561,1.02106552338228,8.91612386330962,5
"512",-2.94135107673398,4.82096038293093,5.61108506284654,6
"513",8.48357119875081,9.6397126535885,4.01283303275704,8
"514",6.3386671111591,5.47825364395976,8.80411546910182,2
"515",1.41083909293486,1.83644631644711,3.618877180852,14
"516",0.476145414274179,3.92546106129885,0.559357907623053,19
"517",4.55986878952965,2.04454784048721,5.31135348137468,8
"518",2.62500502015884,8.00452633295208,7.41062371525913,10
"519",4.86503894876737,1.39355812920257,8.38596278103068,20
"520",10.1446452421049,6.31988034350798,7.02322795055807,9
"521",2.96442373933265,0.410166308283806,3.73173712519929,1
"522",2.22419902195905,5.11668571736664,6.54506911057979,16
"523",2.69634058495371,8.53047895943746,4.21300227288157,10
"524",8.90771117101353,5.83766176365316,8.61672218423337,15
"525",1.46260804979469,1.88042154302821,3.13471913337708,16
"526",2.43996665342852,6.57708938466385,0.798672083765268,3
"527",5.86657936834318,6.36214737547562,2.08007648354396,5
"528",5.23217450982028,2.03155991854146,8.97846370236948,20
"529",5.23722361122692,4.50589495012537,3.41026762500405,15
"530",1.32139136098932,3.07028554845601,0.933591586071998,1
"531",1.40185654767087,5.48334512626752,2.00242042774335,19
"532",1.50337523336832,0.53838865365833,4.08689405303448,19
"533",-4.77472575630903,9.05226333066821,7.81449566595256,6
"534",4.79189714691978,6.93191670114174,9.54670747509226,5
"535",2.4494334452761,7.65652691712603,7.72699875058606,10
"536",1.05146794763364,9.86777178943157,6.3474016264081,1
"537",-0.209743155712805,1.01252509281039,7.457446816843,17
"538",0.586947912499438,1.56127785565332,5.48729832051322,17
"539",4.42470394529033,9.45656925439835,3.68873634375632,14
"540",1.44414888875177,2.83111263997853,3.35674801375717,16
"541",2.38278255970435,3.43247897922993,5.44919188600034,5
"542",8.19078399824926,5.89535329258069,6.87335431110114,8
"543",1.28769920907381,5.146543844603,5.80117366043851,7
"544",3.38918301390597,6.21292348252609,4.82308245031163,18
"545",0.677562096260066,1.41820831457153,0.910050300881267,16
"546",1.18499649238821,5.59413781622425,4.37829924514517,10
"547",-0.252040533883635,9.63609011843801,0.0573115330189466,1
"548",5.28814461976422,5.22344938479364,9.47786624310538,4
"549",-2.51642662449943,4.27006162470207,6.61069214809686,6
"550",-0.272384681714522,7.42290738737211,2.24009558791295,16
"551",3.26344819914119,1.94309897255152,1.71674555167556,20
"552",1.28057437490979,3.76224643550813,3.81691379938275,16
"553",2.74644977200899,0.527843937743455,8.58410319546238,11
"554",2.18596294028995,0.113574950955808,2.98107805196196,20
"555",3.42443065454841,2.72665877826512,7.46236593928188,16
"556",0.491448994070233,5.84738333709538,2.72718742489815,16
"557",8.28380610347153,9.72317425068468,5.22041155723855,5
"558",4.69410451082586,8.49549751030281,8.89023818075657,14
"559",4.6469664226906,2.70003588404506,9.189022697974,11
"560",5.3817234974137,6.16859007393941,4.6126877842471,17
"561",4.2154769487074,8.20907520363107,5.1341701275669,14
"562",7.98369705478065,9.3075006455183,4.9732310581021,5
"563",7.91336167773607,8.5553229181096,2.52395267831162,17
"564",9.57442427459831,9.24421078991145,3.94140839576721,15
"565",1.9288209397693,3.63319185562432,3.71636907802895,13
"566",4.32814342781983,9.18768663192168,3.88532273471355,14
"567",0.991180650343646,4.94348898762837,1.31153114372864,10
"568",-3.58114306188521,6.82659189915285,4.87478280672804,6
"569",2.85540771875116,6.97177676483989,7.12463348871097,13
"570",5.33094936902707,4.27708455361426,3.64700208185241,2
"571",6.6473626066251,3.48759046057239,7.88694537477568,15
"572",3.32234564887222,3.84336262475699,7.65117059694603,18
"573",10.6337908280912,7.23360751755536,9.69930209452286,15
"574",5.01344603786987,4.1033400199376,5.62479169340804,2
"575",1.73069471029515,4.42869308870286,2.56944099906832,1
"576",2.80835294712851,4.92664978839457,0.858072580303997,12
"577",1.55192355836708,3.57959677232429,7.3459892347455,7
"578",0.63605607017453,0.840435642749071,2.53101541195065,4
"579",-1.22315578073155,0.996920797042549,0.331219285726547,10
"580",6.6667089915156,6.06124888174236,8.98673994932324,3
"581",2.97671828080692,4.11299644270912,9.59896640153602,14
"582",5.50310202441307,7.67144196201116,1.59270976437256,4
"583",2.60135842654429,1.69050484895706,3.26961645623669,1
"584",4.4922653554684,0.74930683709681,9.8600383894518,20
"585",1.843690489347,0.521314756479114,5.39449942065403,19
"586",0.291346437173815,2.05405962187797,1.30248899571598,19
"587",6.70969462241066,7.59362381417304,8.66134190931916,17
"588",0.0808455437528313,4.07596129924059,7.43730204179883,12
"589",2.54682094670047,5.39759111125022,2.36469003604725,12
"590",1.78961022220967,1.12914826953784,4.81993874767795,19
"591",2.83701647871475,2.28753653820604,8.38481503073126,4
"592",2.84816812122713,9.18523306259885,1.82703703874722,10
"593",6.8589116212363,4.14284325670451,9.7570609790273,20
"594",-2.10090560527782,4.04253395972773,2.35201039817184,6
"595",1.24435563553584,6.11128597054631,3.77192452549934,16
"596",-1.44391347497002,2.56974617484957,0.699023578781635,6
"597",-3.7931371362414,8.09732500696555,7.1774620260112,6
"598",2.80643437120342,7.8804475069046,0.801361333578825,18
"599",0.297154787401682,0.263159226160496,2.66773886745796,5
"600",1.11025149239959,5.72749988408759,0.526818458456546,10
"601",7.01869701358998,6.06493584578857,3.63922170363367,9
"602",2.0251440580034,2.83416340360418,3.17395602120087,3
"603",4.491545596317,0.301720376592129,6.2680558883585,9
"604",1.98691173197813,7.31687838910148,2.53523600054905,10
"605",1.60835839211814,9.74447251530364,2.84345551626757,7
"606",2.71735410395587,8.25263985199854,4.99149387003854,13
"607",3.23552049904706,4.82243597507477,7.03265176154673,5
"608",3.70891256288611,3.56610052287579,8.29370399704203,19
"609",1.40564099656096,5.51261247135699,2.09174058400095,1
"610",5.16382910938076,9.47377854958177,3.55947742471471,3
"611",7.93856927618476,7.45255275629461,3.42808245914057,15
"612",3.38502478906819,9.09945534542203,0.91470459010452,3
"613",3.85594928667807,1.64430405246094,4.81705124722794,8
"614",4.65166520669112,5.7094503310509,5.91782144503668,4
"615",10.3719243616614,6.94606506032869,9.04055651044473,8
"616",2.45304321788154,9.79857991449535,8.04788323817775,12
"617",2.55410032565423,1.5953790768981,9.23263430828229,4
"618",0.812930078204076,1.18812458124012,4.22886149724945,5
"619",2.63762758971918,9.30138583062217,5.42001301655546,13
"620",0.451758166796388,1.45842445781454,0.297865555621684,16
"621",0.270860605203768,2.38927882630378,0.276379736606032,16
"622",4.94928418417667,0.893646513577551,8.9081448642537,15
"623",-0.176646798834785,0.596301585901529,1.22014752123505,17
"624",1.92888963404784,7.57879996905103,6.82924235472456,12
"625",5.56534158691838,4.48108696611598,8.94617083249614,11
"626",3.86345404134597,5.30096767935902,7.19151578610763,5
"627",-1.97442093725766,3.16451439401135,2.81081781024113,6
"628",9.548381492782,9.0113869891502,8.35285777924582,2
"629",6.8985719015892,6.06676737777889,9.40090110758319,3
"630",2.16371625275266,6.83393936604261,3.31633919384331,19
"631",3.87659470238003,8.75765086617321,1.04352502617985,14
"632",8.12007412391732,9.57016157219186,4.88241740735248,5
"633",-3.12863556253081,6.18099134415388,2.71870268741623,6
"634",0.916002956040099,0.486088488250971,4.09258870175108,14
"635",4.76488433722979,2.64214354334399,3.86013365816325,9
"636",5.30188270983412,5.84193519549444,2.6168252248317,17
"637",3.08616046363613,3.29877403331921,6.45377898821607,4
"638",0.729690727917158,0.849914934951812,1.35888736695051,16
"639",2.66513072528524,4.05153828440234,5.57656089309603,19
"640",3.38538360666128,0.259603874292225,4.19069796800613,1
"641",1.66177580717817,5.02402048790827,3.27768122544512,1
"642",1.27710463984088,5.62662263168022,2.21095874439925,10
"643",2.76765822822616,0.559295848943293,7.89375218329951,11
"644",1.68507867637873,6.52248940197751,5.86437483783811,7
"645",2.03902189848988,4.13946644868702,1.32044962840155,14
"646",1.58406374192107,3.44157255953178,9.99937171116471,7
"647",4.85728404874229,6.60514855058864,8.23974769562483,5
"648",-0.362679327007334,0.470591234043241,0.315019881818444,6
"649",2.43723256196177,0.547481779940426,7.55755261750892,11
"650",7.86945119697353,4.38231940148398,8.57068401994184,15
"651",3.03592258397324,2.20536721404642,9.159837346524,4
"652",0.247308424133903,2.38380863331258,5.26131667429581,12
"653",2.62507261014663,7.33729633502662,6.09280659817159,13
"654",2.13129655222235,6.56430823495612,9.75692818872631,10
"655",3.01595556311342,4.85757218440995,0.794115194585174,8
"656",8.67606288400897,7.87666072370484,4.67600183794275,15
"657",3.84439946463502,1.15978148533031,6.08220003312454,15
"658",5.96016582530702,7.82214311417192,5.67454354371876,4
"659",2.28228470834829,8.24788821861148,0.00701430253684521,10
"660",6.15764868914606,6.55564887914807,0.854297473561019,17
"661",6.28434484889197,5.34422904020175,1.07630179263651,2
"662",1.86605980073304,4.42758949007839,5.30770749552175,16
"663",4.56645497264267,5.07329170126468,9.23253830289468,19
"664",0.836951839921223,6.07180924620479,0.439765413757414,1
"665",0.859369896878046,9.39305011415854,0.632515419274569,7
"666",3.86164279443456,8.34383498877287,6.49178395979106,19
"667",-3.38105911429877,6.78923471830785,3.56036561075598,6
"668",0.014514858048297,2.16169368010014,0.345972457434982,19
"669",2.49959755287421,8.62339439569041,6.75062386784703,12
"670",4.64583477039414,8.9471562136896,8.02379960427061,14
"671",1.50447718089032,4.52165244380012,7.58943222695962,7
"672",-1.33796825035796,2.43406589608639,2.91658426402137,6
"673",0.452382480783553,0.7150590675883,3.14944214187562,5
"674",2.77257541113527,9.19765454018489,8.49828151753172,13
"675",5.91454403633632,2.59084457298741,7.53403466660529,15
"676",2.75383638071137,0.142838219180703,6.36310684261844,3
"677",0.756678838027234,7.86038819467649,9.50854700291529,12
"678",3.68381053258461,2.59434147970751,8.60212705563754,1
"679",-2.22700452220476,1.19720075745136,9.94920348515734,12
"680",0.396656384508774,2.3938066419214,3.83705461397767,12
"681",2.6466541652922,5.03349031088874,2.84064357401803,3
"682",4.47829146115436,8.12762584071606,5.96267740940675,14
"683",0.325041954946782,0.345505231525749,0.391516149975359,18
"684",2.58801077103438,5.2671790192835,7.24668425275013,1
"685",4.55732007134851,2.98463364131749,4.46728977141902,8
"686",1.32248823959559,8.92884894274175,5.5707999994047,16
"687",7.20669019796,9.9645969318226,3.02314772037789,4
"688",3.71333671629318,7.03412472270429,2.90709178196266,3
"689",0.633711148438035,0.981186165008694,3.41262692119926,7
"690",0.745480338405874,0.500140630174428,0.770065598189831,5
"691",2.177469917691,9.44122763117775,8.39622402796522,7
"692",3.69077259009484,2.27759114699438,8.52221102686599,19
"693",0.7777687292474,9.60563231259584,5.22226840257645,16
"694",3.4696662004063,0.110982155892998,5.14446356100962,9
"695",2.6180846523847,2.14395673014224,2.73554814746603,11
"696",3.10128668407272,2.93058024020866,7.24400200182572,4
"697",-0.180720242511778,4.60661422461271,9.11714510060847,12
"698",3.53379665517966,6.20082839392126,0.316711394116282,8
"699",-1.03378959814837,1.47463616449386,2.96199745265767,6
"700",0.803111163776083,1.91891715396196,4.40391480457038,7
"701",7.54631611322481,6.94348878227174,2.14248916134238,2
"702",5.74274439103368,7.06003786530346,1.60746183246374,11
"703",1.64188845772682,0.163231685291976,1.23839152045548,13
"704",4.5799718954851,1.13644303753972,9.43031870527193,16
"705",3.72549290931127,3.8382243225351,2.03694883501157,11
"706",-1.81789068702398,3.06277294643223,5.8948449161835,6
"707",1.44365608903819,8.10721534537151,3.39047129498795,7
"708",-0.128102537475465,1.17265932494774,8.48452319158241,5
"709",6.91300112274155,1.24608612852171,9.70891318516806,8
"710",2.34856174261466,4.23695723293349,7.87529737688601,13
"711",3.73885434242682,6.46387381479144,5.64274343429133,18
"712",3.71701834444917,0.752667936030775,4.8066221922636,9
"713",2.37402420574329,7.29069581255317,7.79682125896215,16
"714",5.63614839878221,4.14311095839366,9.61277263704687,11
"715",7.29586682618302,7.606091205962,2.39732482936233,17
"716",9.95716837573572,8.54286238318309,7.01981312595308,8
"717",4.24051122515695,3.97617079084739,8.84509121766314,4
"718",-3.58747527070441,6.70044223079458,6.21636915719137,6
"719",1.95747831587279,2.33702605124563,2.16782226460055,4
"720",3.07997203646438,2.20424027414992,7.68807916203514,18
"721",-1.75475193514558,2.6218278054148,8.0923127499409,6
"722",7.61188245269618,8.57965840259567,2.47417631093413,5
"723",2.33242889154118,3.27529270434752,7.33104071812704,14
"724",1.53631126277503,1.25638778787106,0.993855479173362,15
"725",2.14375214540728,1.77939411252737,1.30350779974833,1
"726",3.0862636268272,2.17171011259779,6.03073781589046,16
"727",5.1665874251033,3.86831006268039,0.528078004717827,2
"728",4.47375472864849,2.01496233930811,5.83211217308417,15
"729",10.2997098917817,5.92518687946722,7.49598076799884,9
"730",4.08282123966807,2.33244206756353,8.3946699462831,1
"731",9.03540381897269,8.3280854485929,4.60605799686164,15
"732",2.04606260370209,5.67924757488072,2.21432279096916,13
"733",1.65193185455828,6.34823947679251,5.6444407813251,16
"734",7.61722569160802,7.88434373447672,6.22439180500805,11
"735",4.87527103471325,9.00326728355139,8.98100017104298,14
"736",7.61750439608628,4.83576483093202,7.59008379420266,15
"737",-0.351667361436715,3.01769034704193,0.651895273476839,10
"738",0.343423795757237,0.68092723377049,2.7677571401,7
"739",1.30498141630009,2.48758614994586,6.87858709599823,5
"740",3.46560431350464,5.52201711339876,0.708234154153615,8
"741",3.67953030486584,4.01754913851619,0.742032930720598,17
"742",7.3859119469493,9.20640526339412,1.8626395589672,11
"743",1.04400276732799,2.98060399480164,9.67547962674871,5
"744",-0.116547074124734,0.109552463982254,1.35566166369244,6
"745",3.2674163664837,9.53334168763831,4.72846542019397,19
"746",1.71129164720389,6.51614983798936,6.58901538234204,10
"747",5.6848922991568,6.91796284867451,1.26056984066963,11
"748",4.66090743073447,8.03553760051727,0.0290204770863056,12
"749",1.01601961517458,8.13391128089279,2.72667651996017,7
"750",-2.66031439360957,5.81061437726021,1.99418448377401,6
"751",6.13343394255414,5.84660161985084,2.34348550904542,15
"752",9.02871552820364,6.39388286974281,7.7557686297223,15
"753",2.81864428849839,4.5072431396693,8.81959868827835,5
"754",1.74730066148803,1.56865945085883,8.49603377981111,14
"755",3.22996922828139,7.03841956099495,2.68137742066756,12
"756",1.58409716087413,6.23607209417969,5.32145940000191,16
"757",9.60864486328702,8.95793000701815,5.9292652294971,2
"758",3.59257768116398,4.00938402162865,2.55827164510265,5
"759",1.52849770967617,1.17261690786108,0.317683874163777,13
"760",0.842954290543129,4.93220617761835,6.37220083270222,12
"761",6.24838797684655,9.41746559692547,1.61442936398089,4
"762",8.02049355884138,6.23097203904763,4.52338290167972,9
"763",4.925966364645,5.82668036222458,6.76328355213627,4
"764",2.6431199629729,9.98124074889347,2.6908496231772,19
"765",1.59240378848658,1.06683285208419,1.3437329325825,13
"766",1.58291971806016,0.362950032576919,2.97860529040918,2
"767",7.66590704580467,7.47789417859167,8.09458104893565,11
"768",1.80814952233509,6.61553361918777,2.86047711968422,10
"769",5.47234029139078,6.14377990365028,3.56528660980985,11
"770",-3.69242081566062,6.5042858873494,9.10413134843111,6
"771",3.47963690432455,9.69209236791357,6.88757347175851,10
"772",0.495176432549123,5.27033366495743,1.09551993431523,7
"773",5.98820554159541,7.30666356626898,2.88578159874305,8
"774",0.858953248375245,2.52967736683786,5.19907756242901,7
"775",7.71408450260352,6.10726651269943,6.41170564806089,8
"776",5.32096907794106,5.82715998636559,1.93686740472913,5
"777",0.969774902582909,8.98473174544051,0.149835832417011,19
"778",1.70741765380945,1.84160231845453,1.50493894936517,8
"779",0.943791501891403,3.41868435265496,4.98426844133064,7
"780",-2.82309962943334,4.89325706614181,5.95622526481748,6
"781",0.88616024943406,0.0180305121466517,1.63111782865599,15
"782",4.24785003750687,9.9131817673333,0.097473505884409,14
"783",-0.0606459489945796,9.58795268088579,0.962961681652814,1
"784",2.12217778568125,7.06746909301728,3.24002640787512,19
"785",1.79040802520837,9.16516225785017,9.30862681474537,12
"786",1.33183674947182,0.902083024848253,3.54009888367727,13
"787",3.27158885149338,7.89218329126015,5.64652983332053,19
"788",2.95043509816224,0.460985633544624,9.87867245916277,11
"789",4.81217880106989,9.02596954023466,7.80467011034489,14
"790",1.55736967627762,1.28687903750688,3.67868357105181,3
"791",2.25791454719886,9.36158106895164,2.6663266425021,19
"792",6.92474489321764,6.16955521283671,9.35492872959003,11
"793",1.80481664994793,3.6828583967872,2.0640828483738,3
"794",2.13621559660777,8.49567444995046,7.75941708590835,16
"795",0.838359701838455,7.57418682100251,0.731774752493948,7
"796",3.54891668035128,3.97808461915702,6.97472050553188,4
"797",-0.558639724657617,2.80752166872844,7.29518715525046,12
"798",0.936170721392683,6.03666192386299,0.801569460891187,19
"799",0.515485207948747,0.612480090931058,2.7744402596727,5
"800",3.08101602028067,0.0589774153195322,6.99778426904231,3
"801",2.65430195457588,4.48847725754604,4.18438159395009,18
"802",-3.81664872979321,7.90375263197348,2.48964024940506,6
"803",4.05692116969,3.26143152080476,2.4027815903537,15
"804",1.29125550459581,2.08286434644833,4.25317264627665,17
"805",3.0268392488791,0.169078367762268,5.78757553594187,16
"806",1.09062034575068,0.7285997713916,3.18741154158488,14
"807",3.82842722459578,7.65903018414974,4.14493011310697,14
"808",2.29062619906533,3.24244866380468,9.35362111544237,14
"809",7.0298979974912,7.69537425367162,4.7546961158514,11
"810",3.29060603608766,7.15608038473874,4.21550903469324,18
"811",2.44270985621389,7.41127632092685,5.52286895690486,10
"812",1.40248057591992,6.12151354085654,3.32853164058179,1
"813",3.25559878876698,3.84098717710003,1.76649894332513,8
"814",1.70147347001086,5.17594150733203,5.44120370177552,16
"815",5.66166045977386,0.0994853349402547,7.94710536953062,9
"816",5.67260142831237,2.69692732021213,9.60823612753302,3
"817",3.43329489864023,4.99676367035136,5.67971176700667,18
"818",2.62182961987479,2.09624477429315,7.93524575885385,4
"819",1.51607259541858,0.783834438771009,2.72048592800274,11
"820",1.88452211682845,4.6651202510111,3.7094140634872,19
"821",4.68670781256367,2.95504245441407,3.99946622084826,15
"822",6.54019776287462,2.00351466424763,9.97135198675096,15
"823",3.92708430671206,9.09939324948937,2.73145207669586,14
"824",3.54546106561964,2.24190631182864,3.64471909124404,2
"825",7.19737436515082,8.39557285653427,3.56307104229927,8
"826",7.64012358913053,9.69509396702051,2.6030572457239,8
"827",1.22718048797742,5.2419502241537,6.50947404792532,10
"828",8.17444781706926,9.34755226131529,4.25728735513985,20
"829",10.2147913149102,9.5798704191111,6.75219342811033,8
"830",2.41539120474781,1.18412624811754,7.42007442517206,2
"831",2.50655097986104,9.58986514480785,9.11010747076944,16
"832",5.97664228704313,5.23635311052203,7.8239420405589,11
"833",3.95486548006982,2.91139130247757,2.18531073536724,2
"834",1.31136936214215,4.89868020871654,7.67490568803623,7
"835",2.15631989244665,2.04591776011512,9.95917696272954,14
"836",1.75318359885872,6.92603434203193,0.0180783588439226,3
"837",6.35959867296551,8.14490135526285,0.404041351284832,9
"838",2.19246297374439,1.30508896894753,8.24055533390492,2
"839",0.745513898086401,1.80093297734857,5.85353523725644,17
"840",6.06413508529726,4.43413169588894,4.94720513932407,15
"841",8.55169951754548,9.10385483410209,7.41730561945587,11
"842",8.82509593524802,4.38704828964546,7.47236064868048,9
"843",0.998971366480148,2.00342454016209,6.03340446250513,5
"844",3.11776644228714,0.183641673065722,5.66583905601874,16
"845",1.6491486815944,3.79114151932299,4.534815561492,16
"846",4.53815536277207,4.97683393070474,9.5428969245404,19
"847",10.4778527664077,9.256903284695,5.62609596177936,15
"848",2.69055746180784,2.63616354204714,3.84676958434284,1
"849",9.49308425965969,8.68696892866865,2.57316876901314,2
"850",2.37862058758004,1.65446847677231,1.35754834860563,20
"851",4.12246209895459,4.24418315058574,1.84384224703535,11
"852",2.82973206326356,8.81453247740865,8.40659014414996,10
"853",4.04299112116153,5.85328925168142,8.96798028843477,18
"854",0.317530568039579,3.60060939798132,7.5645023630932,10
"855",3.32327280154886,4.69786580186337,8.62970684655011,1
"856",7.53786895015979,8.05560222594067,1.64792753756046,17
"857",6.06055157443272,5.0688692741096,1.2475364934653,2
"858",6.31041541776162,4.67849141918123,8.8139526010491,3
"859",2.64371783591808,1.50649251183495,5.31048967968673,3
"860",0.64135652923327,8.7500494113192,3.98650353075936,1
"861",8.89775694773931,8.52917528245598,9.99863928183913,2
"862",6.14113174326834,5.31006932724267,4.87412463407964,2
"863",4.16444232319921,9.60554628167301,6.96629070211202,19
"864",2.09189020050733,6.53942251577973,5.64458420500159,1
"865",1.99057663291145,8.31422800896689,6.95058981189504,12
"866",10.1208262002144,9.23985920846462,2.16785573633388,2
"867",0.975012099924957,7.6056905486621,3.73555002734065,7
"868",0.490690454596017,0.270388692151755,5.82898085704073,7
"869",1.29156794442722,6.38584756525233,1.49525488493964,19
"870",3.58225750634054,3.80927876569331,2.51915664179251,8
"871",5.27296118062793,5.98272427450866,2.9093002807349,8
"872",2.45875022370116,5.07288165623322,2.80718407128006,14
"873",0.824615687073221,5.45278324978426,3.22376436553895,7
"874",10.7926506451149,9.26844505593181,6.8103268602863,15
"875",0.241188268672192,0.622076294384897,1.35793444700539,4
"876",1.54850691925141,3.44680836191401,9.97951690806076,5
"877",3.63991581232698,1.8160611949861,7.87342475960031,16
"878",3.30240714839475,3.9523203484714,1.03434414602816,17
"879",1.35636581992337,1.75644137663767,2.83716953126714,14
"880",1.58920156579481,6.19061382254586,2.79917563544586,19
"881",3.4749344474825,2.62654647929594,5.68662479752675,3
"882",1.7125888729515,6.39358738902956,4.40292057348415,10
"883",6.23634813152579,5.81210948526859,8.32651429343969,3
"884",0.679580668484503,5.55428892606869,0.425225419458002,7
"885",1.79378165080471,4.80719807324931,5.03590655513108,16
"886",0.0450284378220403,2.12734983768314,0.426251690369099,19
"887",3.11346835330795,9.77237505838275,6.64007533807307,10
"888",2.77190570295624,3.44034642679617,9.15890401229262,14
"889",0.452807283419266,3.72336664237082,1.257379129529,10
"890",-1.61833947405737,0.303631401620805,7.45857921661809,12
"891",2.11412998350913,0.803742629941553,9.59814236266539,13
"892",4.98825431228573,7.04764207359403,2.43592852959409,4
"893",5.19595563114406,6.12421728437766,7.50178020680323,4
"894",7.69828131584332,6.85925061115995,0.920596749056131,2
"895",3.0905144328846,8.54726899182424,5.12686087517068,12
"896",2.63150593555559,8.47745539154857,5.94049021136016,13
"897",7.45138065223832,6.79301534080878,4.19737167423591,2
"898",3.16482761664997,5.74357726378366,9.10518566612154,1
"899",5.72912241328584,4.76801756769419,2.93603754136711,9
"900",3.57523612583588,1.20279729831964,4.81518412940204,20
"901",0.52140646957596,0.139498736243695,4.50637812027708,4
"902",4.48262828006506,6.75700750900432,9.1098820278421,18
"903",3.3150337183854,9.74717234726995,0.417459113523364,18
"904",9.23303838062831,4.13657717872411,8.35418440401554,9
"905",2.38106541372535,0.524837127886713,5.60912400484085,11
"906",2.57356517224221,8.75298565719277,9.97719121398404,1
"907",4.44030061186386,5.95133733237162,1.57144422875717,8
"908",1.71860918584228,0.070462089497596,5.50310047343373,11
"909",1.73380994415604,0.3281987644732,4.67507246648893,13
"910",9.40120358204517,8.74941657297313,9.56396573223174,2
"911",0.616909780134053,1.03612537728623,0.446244382765144,14
"912",3.33717570352546,4.96404405217618,3.56015308992937,3
"913",3.27487975516308,4.42736839409918,1.06404699152336,8
"914",0.598579199207881,0.362158198840916,0.517059909179807,16
"915",0.818720874844967,3.11884269816801,4.25156359560788,12
"916",2.45270440312562,8.42757371719927,4.59618414519355,10
"917",8.10794541498333,3.42972909798846,7.66240397933871,9
"918",1.83603711991841,8.74573365552351,7.37889509648085,16
"919",2.30233088670322,2.80393083114177,1.78582921624184,17
"920",1.80866850896098,2.65665930695832,2.64377705054358,13
"921",7.68187837668018,9.6361070452258,7.44061286561191,5
"922",7.29434155958294,6.7027326556854,3.34804270649329,15
"923",1.68483446887563,1.50592795107514,0.270970661658794,11
"924",3.44708094794857,2.67198543995619,8.20059989579022,16
"925",5.87092321746326,6.23415403068066,1.22055966872722,15
"926",6.25399065079527,8.25339697301388,4.99952393118292,4
"927",1.35877377781026,0.664808140136302,1.93741288501769,9
"928",4.92866188799055,4.39915736205876,2.63236134778708,15
"929",2.28263869138962,5.04371948773041,2.7183986431919,12
"930",3.86956756503705,8.80996380234137,4.7911105491221,18
"931",3.91929848866989,8.79796635592356,2.65496397623792,14
"932",3.82776396919888,3.50731112994254,2.04254651907831,15
"933",5.56108844881683,6.30738313542679,3.321600232739,17
"934",1.89836808698831,2.44335563154891,3.29519380582497,17
"935",4.84085828044496,6.20842801872641,5.34773543011397,5
"936",-3.77773385463896,7.86705686477944,5.84872157080099,6
"937",3.31812034633921,0.951884454116225,8.20812745019794,19
"938",5.54406123016253,4.13518684683368,3.5619224444963,9
"939",5.67838464792403,3.60689587658271,8.06862477213144,20
"940",2.19980941593877,2.49480703147128,2.48935396550223,1
"941",2.53769303922532,5.61269281199202,7.01755994465202,1
"942",0.72767212541341,1.88679745886475,8.51047263713554,17
"943",8.69108096104049,8.1693850713782,6.1310720606707,2
"944",3.20547018367042,4.9394646845758,1.87334662303329,4
"945",2.23343734498014,6.60608147969469,6.8922390602529,13
"946",5.83830362603555,5.09115112712607,6.14318890031427,2
"947",2.60245614169264,6.71469681197777,4.64450328145176,12
"948",8.75768289534797,4.97465973021463,8.80203219130635,8
"949",2.09094522895748,6.49853179464117,6.20554529130459,1
"950",2.12793387156799,0.307278912514448,5.986404705327,11
"951",0.891501521631245,7.6618720125407,0.850539328530431,7
"952",5.80878444053872,5.36070853471756,9.01533231604844,2
"953",2.73789594894398,9.64079741155729,7.45183003135026,13
"954",1.28678830851243,0.526105975732207,9.12089626537636,14
"955",5.05876615629265,7.85613035783172,4.91391174728051,3
"956",6.20385174858177,6.07256938703358,6.07171828858554,11
"957",-0.420432024129067,1.94662653375417,2.72199914557859,10
"958",1.57706848017992,6.26962732989341,5.18248006235808,16
"959",2.22030231551937,1.7916052066721,7.73107246495783,4
"960",8.46201400076133,7.9821424279362,6.04646760504693,2
"961",0.0707193993514359,0.0811153673566878,1.61197467241436,4
"962",4.87168939352311,7.4401064007543,1.96696862811223,4
"963",10.9194191403795,5.01485395012423,9.16318331612274,9
"964",-2.08591695665068,4.38115615863353,1.74426298588514,6
"965",1.26089645386028,5.85509191732854,2.37891899654642,10
"966",-0.98147181902636,7.60518935509026,0.216156886890531,16
"967",5.20431961286012,4.56137535860762,4.50993787031621,20
"968",1.48292744608088,4.08714287681505,3.55261698598042,16
"969",-0.0105133569382527,0.674437501002103,0.0518875988200307,4
"970",4.55917904219482,0.202199511695653,6.45799550227821,9
"971",2.79487884951419,6.86095779528841,4.59550612838939,19
"972",3.32637425322806,6.29745373968035,6.38540546875447,19
"973",2.40674628449129,8.62617122707888,4.62327948305756,13
"974",3.99467090036908,6.75330110825598,9.03677402529866,14
"975",-3.72001974632819,7.8882254101336,1.72517634928226,6
"976",8.1736537109463,7.54852805519477,1.54075655620545,2
"977",0.143144268363933,0.885621935594827,3.13716146629304,17
"978",1.85483896397339,7.39406845532358,2.46396221453324,10
"979",4.01504127852342,2.04166430747136,9.36343497596681,11
"980",4.37454346361283,9.88250670256093,3.09109932277352,12
"981",0.596259180704496,0.393753962125629,4.28483555326238,7
"982",5.42778042512537,5.84262565243989,3.32604851573706,8
"983",2.23844449799401,7.22071072086692,7.11095433915034,10
"984",-2.11039303887675,4.34007500531152,0.689635125454515,6
"985",2.63026621319458,0.145489014685154,4.44728007540107,8
"986",4.52719933222342,0.842387671582401,8.74362177215517,1
"987",8.19484033519532,9.93209869368002,8.90637267613783,3
"988",9.32841900140848,4.66308247763664,7.52205216092989,9
"989",3.22886883331704,7.5174919469282,5.94585749087855,19
"990",1.84920821826678,0.389536465518177,0.628972896374762,20
"991",1.90997352543121,0.845416844822466,9.62466555880383,13
"992",0.056747921224525,3.87298602377996,6.96077258558944,12
"993",3.77433441334274,2.27554122917354,3.49371656309813,9
"994",2.96592874157809,2.99270468298346,1.05777117889374,5
"995",2.24909769670828,1.8071938212961,5.58048814767972,4
"996",7.858260629112,6.15577107528225,5.86558666313067,15
"997",9.71553438831791,9.62671146728098,4.08046083524823,15
"998",1.0453003855234,0.448637565132231,6.67084981454536,14
"999",0.170143448381583,0.87265403708443,5.79067313112319,17
"1000",1.28468278810028,5.43470114236698,5.10870847851038,7
